TIMESTAMP,PROGRAM,ML_COURSE,IR_COURSE,STAT_COURSE,DB_COURSE,GENDER,CHATGPT_USAGE,BIRTHDAY,ROOM_ESTIMATE,STRESS_LEVEL,SPORTS_HOURS,RANDOM_NUMBER,BEDTIME,GOOD_DAY_1,GOOD_DAY_2,ML_COURSE_NUM,IR_COURSE_NUM,DB_COURSE_NUM,CHATGPT_USAGE_NUM,GENDER_CATEGORIZED,ROOM_ESTIMATE_CLEANED,STRESS_LEVEL_CLEANED,SPORTS_HOURS_CLEANED,RANDOM_NUMBER_CLEANED,AGE,BIRTHDAY_MONTH,BIRTHDAY_DAY,BEDTIME_CLEANED,GOOD_DAY_1_CLEAN,GOOD_DAY_2_CLEAN,GOOD_DAY_CLEANED_1,study_pressure,sports_x_chatgpt,sports_squared,chatgpt_squared,age_month_product,ROOM_ESTIMATE_WINSORIZED,ROOM_ESTIMATE_LOG,ROOM_ESTIMATE_SQRT
2025-04-01 12:17:06.560,Artificial Intelligence,yes,unknown,mu,ja,male,yes,01-01-1888,400,78,0,928393,00:00,Food,Travel,1.0,,1.0,1.0,male,400.0,78.0,0.0,928393.0,,1.0,1.0,00:00:00,food,travel,food_drink,,0.0,0.0,1.0,,400.0,5.993961427306569,20.0
2025-04-01 12:17:14.118,Artificial Intelligence,yes,1,sigma,ja,female,yes,31/01/2002,321,1000,2,31416,12:30,sun,coffee,1.0,1.0,1.0,1.0,female,321.0,100.0,2.0,31416.0,23.0,1.0,31.0,00:30:00,sun,coffee,weather,3.0,2.0,4.0,1.0,23.0,321.0,5.7745515455444085,17.916472867168917
2025-04-01 12:17:16.917,Econometrics and Operations Research,yes,1,mu,ja,male,not willing to say,September,200,101,4,5,0:30,Zonnetje,Aperol,1.0,1.0,1.0,,male,200.0,100.0,4.0,5.0,,9.0,14.0,00:30:00,zonnetje,aperol,weather,3.0,,16.0,,,200.0,5.303304908059076,14.142135623730951
2025-04-01 12:17:20.718,Econometrics and Operations Research,yes,0,mu,nee,male,yes,17/10/2003,350,60,6,37,23:00,Sun,Sun,1.0,0.0,0.0,1.0,male,350.0,60.0,6.0,37.0,21.0,10.0,17.0,23:00:00,sun,sun,weather,1.0,6.0,36.0,1.0,210.0,350.0,5.860786223465865,18.708286933869708
2025-04-01 12:17:23.836,Bioinformatics and Systems Biology,yes,1,mu,ja,male,yes,19/04/2000,500,50,8,1,12,-,-,1.0,1.0,1.0,1.0,male,500.0,50.0,8.0,1.0,24.0,4.0,19.0,00:00:00,-,-,,3.0,8.0,64.0,1.0,96.0,500.0,6.2166061010848646,22.360679774997898
2025-04-01 12:17:25.733,Econometrics and Operations Research,no,unknown,mu,nee,gender fluid,not willing to say,Tomorrow,467,99.7,8,0,5am,Chocolate,Bitterballen,0.0,,0.0,,gender_non_conforming,467.0,99.7,8.0,0.0,,,,05:00:00,chocolate,bitterballen,food_drink,,,64.0,,,467.0,6.148468295917647,21.61018278497431
2025-04-01 12:17:26.001,Econometrics and Operations Research,no,0,mu,ja,female,yes,25/10/1999,500,60,4,4,12:00,Sun,Good food,0.0,0.0,1.0,1.0,female,500.0,60.0,4.0,4.0,25.0,10.0,25.0,00:00:00,sun,good food,weather,1.0,4.0,16.0,1.0,250.0,500.0,6.2166061010848646,22.360679774997898
2025-04-01 12:17:26.930,Computer Science,yes,0,sigma,ja,male,not willing to say,1 april,400,30,1,6656678,12am,good food,good grade,1.0,0.0,1.0,,male,400.0,30.0,1.0,6656678.0,,4.0,1.0,00:00:00,good food,good grade,food_drink,2.0,,1.0,,,400.0,5.993961427306569,20.0
2025-04-01 12:17:27.795,Artificial Intelligence,no,0,mu,ja,female,yes,29/01/2001,500,60,3,888,10:37,Sun1,Sun2,0.0,0.0,1.0,1.0,female,500.0,60.0,3.0,888.0,24.0,1.0,29.0,22:37:00,sun1,sun2,weather,1.0,3.0,9.0,1.0,24.0,500.0,6.2166061010848646,22.360679774997898
2025-04-01 12:17:29.888,Computer Science,no,0,mu,ja,gender fluid,not willing to say,01082000,200,70,1,420420420420420420,0200,Work done good,Then smoke weed,0.0,0.0,1.0,,gender_non_conforming,200.0,70.0,1.0,4.204204204204204e+17,24.0,8.0,1.0,02:00:00,work done good,then smoke weed,mental_wellbeing,1.0,,1.0,,192.0,200.0,5.303304908059076,14.142135623730951
2025-04-01 12:17:31.031,Artificial Intelligence,yes,1,sigma,ja,female,yes,19/10/1999,250,100,4,3,11 pm,Good food ,Nice company ,1.0,1.0,1.0,1.0,female,250.0,100.0,4.0,3.0,25.0,10.0,19.0,23:00:00,good food,nice company,food_drink,3.0,4.0,16.0,1.0,250.0,250.0,5.5254529391317835,15.811388300841896
2025-04-01 12:17:31.441,Computer Science,yes,1,unknown,ja,male,yes,1-1-1999,400,20,4.5,538299189101,00:00,Pizza,Beers,1.0,1.0,1.0,1.0,male,400.0,20.0,4.5,538299189101.0,26.0,1.0,1.0,00:00:00,pizza,beers,food_drink,3.0,4.5,20.25,1.0,26.0,400.0,5.993961427306569,20.0
2025-04-01 12:17:34.918,OTHER,yes,unknown,mu,ja,male,yes,01012000,345,60,8,1984,23h45,Good food,Good sleep ,1.0,,1.0,1.0,male,345.0,60.0,8.0,1984.0,25.0,1.0,1.0,23:00:00,good food,good sleep,food_drink,,8.0,64.0,1.0,25.0,345.0,5.846438775057724,18.57417562100671
2025-04-01 12:17:39.263,Artificial Intelligence,yes,1,mu,ja,male,no,June 15 2001,500,50,4,72,9 am,Mama‚Äôs food,Dad‚Äôs card ,1.0,1.0,1.0,0.0,male,500.0,50.0,4.0,72.0,23.0,6.0,15.0,09:00:00,mama‚Äôs food,dad‚Äôs card,food_drink,3.0,0.0,16.0,0.0,138.0,500.0,6.2166061010848646,22.360679774997898
2025-04-01 12:17:39.650,Computer Science,yes,1,unknown,ja,female,no,01,200,70,2,7,9,Good work,Good sleep,1.0,1.0,1.0,0.0,female,200.0,70.0,2.0,7.0,,4.0,1.0,21:00:00,good work,good sleep,,3.0,0.0,4.0,0.0,,200.0,5.303304908059076,14.142135623730951
2025-04-01 12:17:39.676,Computer Science,no,0,mu,ja,male,yes,27/02/2001,500,1000,0,94,2 am,Passing courses,Sleeping,0.0,0.0,1.0,1.0,male,500.0,100.0,0.0,94.0,24.0,2.0,27.0,02:00:00,passing courses,sleeping,productivity,1.0,0.0,0.0,1.0,48.0,500.0,6.2166061010848646,22.360679774997898
2025-04-01 12:17:40.957,Artificial Intelligence,yes,1,sigma,ja,male,yes,10-05-1982,400,50,7,13,01.00,Drugs,More drugs,1.0,1.0,1.0,1.0,male,400.0,50.0,7.0,13.0,42.0,5.0,10.0,01:00:00,drugs,more drugs,,3.0,7.0,49.0,1.0,210.0,400.0,5.993961427306569,20.0
2025-04-01 12:17:42.541,Artificial Intelligence,no,0,mu,ja,female,yes,16.12.1998,400,30,10,28,23.30,Coffee,Sports,0.0,0.0,1.0,1.0,female,400.0,30.0,10.0,28.0,26.0,12.0,16.0,23:30:00,coffee,sports,food_drink,1.0,10.0,100.0,1.0,312.0,400.0,5.993961427306569,20.0
2025-04-01 12:17:43.633,Bioinformatics and Systems Biology,yes,0,unknown,unknown,female,yes,23/06/2002,200,1000,0,9,23:16,Nothing ,Nothing ,1.0,0.0,,1.0,female,200.0,100.0,0.0,9.0,22.0,6.0,23.0,23:16:00,nothing,nothing,,,0.0,0.0,1.0,132.0,200.0,5.303304908059076,14.142135623730951
2025-04-01 12:17:43.941,Business Analytics,yes,0,sigma,ja,female,yes,10/08/2000,200,70,0,8,2,Passing grade,Credit in balance,1.0,0.0,1.0,1.0,female,200.0,70.0,0.0,8.0,24.0,8.0,10.0,02:00:00,passing grade,credit in balance,productivity,2.0,0.0,0.0,1.0,192.0,200.0,5.303304908059076,14.142135623730951
2025-04-01 12:17:44.148,Artificial Intelligence,yes,1,mu,ja,male,yes,30-12-2003,200,5,12,6372,1:00,Sun,More sun,1.0,1.0,1.0,1.0,male,200.0,5.0,12.0,6372.0,21.0,12.0,30.0,01:00:00,sun,more sun,weather,3.0,12.0,144.0,1.0,252.0,200.0,5.303304908059076,14.142135623730951
2025-04-01 12:17:46.498,Artificial Intelligence,yes,1,mu,ja,male,yes,11 August,500,8,6,27,23.00, , ,1.0,1.0,1.0,1.0,male,500.0,8.0,6.0,27.0,,8.0,11.0,23:00:00,,,,3.0,6.0,36.0,1.0,,500.0,6.2166061010848646,22.360679774997898
2025-04-01 12:17:48.575,Artificial Intelligence,yes,1,mu,ja,male,yes,Idk,300,9999,10,9999,1 am,Not having EDDA exam,Freetime,1.0,1.0,1.0,1.0,male,300.0,100.0,10.0,9999.0,,,,01:00:00,not having edda exam,freetime,,3.0,10.0,100.0,1.0,,300.0,5.707110264748875,17.320508075688775
2025-04-01 12:17:49.620,Artificial Intelligence,no,0,mu,nee,male,yes,04/19/2000,300,20,3,78,12:30 PM,Hanging with friends in the sun,Eating good food,0.0,0.0,0.0,1.0,male,300.0,20.0,3.0,78.0,24.0,4.0,19.0,12:30:00,hanging with friends in the sun,eating good food,weather,0.0,3.0,9.0,1.0,96.0,300.0,5.707110264748875,17.320508075688775
2025-04-01 12:17:50.672,Artificial Intelligence,yes,0,mu,ja,female,yes,19/07/2003,300,50,4,38,23:30,Sun,Activity ,1.0,0.0,1.0,1.0,female,300.0,50.0,4.0,38.0,21.0,7.0,19.0,23:30:00,sun,activity,weather,2.0,4.0,16.0,1.0,147.0,300.0,5.707110264748875,17.320508075688775
2025-04-01 12:17:50.949,Computational Science,no,0,mu,nee,female,yes,19 February,500,15,12,19,00:30,Good food ,Friends ,0.0,0.0,0.0,1.0,female,500.0,15.0,12.0,19.0,,2.0,19.0,00:30:00,good food,friends,food_drink,0.0,12.0,144.0,1.0,,500.0,6.2166061010848646,22.360679774997898
2025-04-01 12:17:52.062,Econometrics and Operations Research,no,0,mu,nee,female,not willing to say,19.05.2000,100,75,6,777,0.30,Sun,Cappuccino,0.0,0.0,0.0,,female,100.0,75.0,6.0,777.0,24.0,5.0,19.0,00:30:00,sun,cappuccino,weather,0.0,,36.0,,120.0,100.0,4.61512051684126,10.0
2025-04-01 12:17:52.180,Artificial Intelligence,yes,0,mu,ja,female,yes,September 14,550,100000000000000,7,74,2,Sun,Food,1.0,0.0,1.0,1.0,female,550.0,100.0,7.0,74.0,,9.0,14.0,02:00:00,sun,food,weather,2.0,7.0,49.0,1.0,,550.0,6.311734809152915,23.45207879911715
2025-04-01 12:17:52.554,Artificial Intelligence,yes,0,unknown,ja,female,not willing to say,1999,180-200,2,4-5,99,1:00 am,Sunny day,Hanging out with friends,1.0,0.0,1.0,,female,190.0,2.0,4.5,99.0,26.0,4.0,14.0,01:00:00,sunny day,hanging out with friends,weather,2.0,,20.25,,104.0,190.0,5.25227342804663,13.784048752090222
2025-04-01 12:17:52.970,Artificial Intelligence,yes,0,mu,ja,female,yes,11.12.2001,300,3,10,25,12,dance,company,1.0,0.0,1.0,1.0,female,300.0,3.0,10.0,25.0,23.0,12.0,11.0,00:00:00,dance,company,,2.0,10.0,100.0,1.0,276.0,300.0,5.707110264748875,17.320508075688775
2025-04-01 12:17:54.822,Econometrics and Operations Research,no,0,mu,nee,male,yes,24.01.1999,300,55,2,27,12:00,Spending time with Marc,Nice warm weather,0.0,0.0,0.0,1.0,male,300.0,55.0,2.0,27.0,26.0,1.0,24.0,00:00:00,spending time with marc,nice warm weather,social,0.0,2.0,4.0,1.0,26.0,300.0,5.707110264748875,17.320508075688775
2025-04-01 12:17:55.682,Artificial Intelligence,yes,0,mu,nee,male,yes,29-070-2000,456,20,9,108,23:57,Yoga,Delicious food,1.0,0.0,0.0,1.0,male,456.0,20.0,9.0,108.0,24.0,7.0,29.0,23:57:00,yoga,delicious food,,1.0,9.0,81.0,1.0,168.0,456.0,6.124683390894205,21.354156504062622
2025-04-01 12:17:56.163,Artificial Intelligence,yes,1,sigma,ja,not willing to answer,yes,24 de Diciembre,20*5*5,100,10,37,05:00,Alcohol,More alcohol,1.0,1.0,1.0,1.0,unknown,500.0,100.0,10.0,37.0,,12.0,24.0,05:00:00,alcohol,more alcohol,,3.0,10.0,100.0,1.0,,500.0,6.2166061010848646,22.360679774997898
2025-04-01 12:17:56.830,Computer Science,no,unknown,mu,ja,female,no,01/06/2000,100,100,1,4738,12,grade 10,win lottery ,0.0,,1.0,0.0,female,100.0,100.0,1.0,4738.0,24.0,6.0,1.0,00:00:00,grade 10,win lottery,productivity,,0.0,1.0,0.0,144.0,100.0,4.61512051684126,10.0
2025-04-01 12:17:56.849,Artificial Intelligence,yes,1,sigma,ja,male,yes,11-11-00,250,20,5,11011011,23:30,Socialising ,When I've learned something new,1.0,1.0,1.0,1.0,male,250.0,20.0,5.0,11011011.0,24.0,11.0,11.0,23:30:00,socialising,when i've learned something new,social,3.0,5.0,25.0,1.0,264.0,250.0,5.5254529391317835,15.811388300841896
2025-04-01 12:17:57.672,Artificial Intelligence,yes,0,mu,nee,male,yes,05.11.1997,250,80,4,87,4:00,doing sports,not having anxiety,1.0,0.0,0.0,1.0,male,250.0,80.0,4.0,87.0,27.0,11.0,5.0,04:00:00,doing sports,not having anxiety,activity,1.0,4.0,16.0,1.0,297.0,250.0,5.5254529391317835,15.811388300841896
2025-04-01 12:17:58.407,Computational Science,yes,0,mu,nee,male,yes,27-11-2002,487,30,7,39,22:30,Sports,Free time,1.0,0.0,0.0,1.0,male,487.0,30.0,7.0,39.0,22.0,11.0,27.0,22:30:00,sports,free time,activity,1.0,7.0,49.0,1.0,242.0,487.0,6.1903154058531475,22.06807649071391
2025-04-01 12:17:58.726,Finance and Technology,yes,0,mu,nee,male,yes,20/07/2001,490,75,0,7,00:45,Booking tickets,drinking beers,1.0,0.0,0.0,1.0,male,490.0,75.0,0.0,7.0,23.0,7.0,20.0,00:45:00,booking tickets,drinking beers,,1.0,0.0,0.0,1.0,161.0,490.0,6.19644412779452,22.135943621178654
2025-04-01 12:17:59.222,Computer Science,yes,1,mu,ja,female,yes,2000,300,10,2,77945354356758979022123,00:30,seeing friends,no work,1.0,1.0,1.0,1.0,female,300.0,10.0,2.0,7.794535435675898e+22,25.0,4.0,14.0,00:30:00,seeing friends,no work,social,3.0,2.0,4.0,1.0,100.0,300.0,5.707110264748875,17.320508075688775
2025-04-01 12:18:01.238,Humanities Research,yes,0,unknown,ja,female,yes,23-12-2002,450,10,3,1934,01:30,Nice weather,No work,1.0,0.0,1.0,1.0,female,450.0,10.0,3.0,1934.0,22.0,12.0,23.0,01:30:00,nice weather,no work,weather,2.0,3.0,9.0,1.0,264.0,450.0,6.111467339502679,21.213203435596427
2025-04-01 12:18:03.419,Artificial Intelligence,no,0,mu,ja,female,yes,16/03/2002,550,50,8,8,00:30,Good food,Sun ,0.0,0.0,1.0,1.0,female,550.0,50.0,8.0,8.0,23.0,3.0,16.0,00:30:00,good food,sun,food_drink,1.0,8.0,64.0,1.0,69.0,550.0,6.311734809152915,23.45207879911715
2025-04-01 12:18:03.599,Artificial Intelligence,yes,0,mu,ja,male,yes,09-05-2002,350,45,4,69420,23:30,Feeling energized,Reaching the goals I set for myself that day,1.0,0.0,1.0,1.0,male,350.0,45.0,4.0,69420.0,22.0,5.0,9.0,23:30:00,feeling energized,reaching the goals i set for myself that day,sleep,2.0,4.0,16.0,1.0,110.0,350.0,5.860786223465865,18.708286933869708
2025-04-01 12:18:04.704,Finance and Technology,yes,0,mu,ja,male,yes,18-05-2003,300,5,8,14,12,Sports,Friends,1.0,0.0,1.0,1.0,male,300.0,5.0,8.0,14.0,21.0,5.0,18.0,00:00:00,sports,friends,activity,2.0,8.0,64.0,1.0,105.0,300.0,5.707110264748875,17.320508075688775
2025-04-01 12:18:05.920,Business Analytics,yes,1,mu,ja,female,yes,11/11/2002,450,89,7,69,23:40,Bubble tea,Dog,1.0,1.0,1.0,1.0,female,450.0,89.0,7.0,69.0,22.0,11.0,11.0,23:40:00,bubble tea,dog,food_drink,3.0,7.0,49.0,1.0,242.0,450.0,6.111467339502679,21.213203435596427
2025-04-01 12:18:05.940,Econometrics and Operations Research,yes,1,mu,ja,male,no,2000,350,0,4,14,3,No school,High grade,1.0,1.0,1.0,0.0,male,350.0,0.0,4.0,14.0,25.0,4.0,14.0,03:00:00,no school,high grade,mental_wellbeing,3.0,0.0,16.0,0.0,100.0,350.0,5.860786223465865,18.708286933869708
2025-04-01 12:18:06.175,Artificial Intelligence,yes,unknown,mu,ja,male,not willing to say,26,200,49,7,420,2am,Warm,Sun,1.0,,1.0,,male,200.0,49.0,7.0,420.0,,4.0,26.0,02:00:00,warm,sun,,,,49.0,,,200.0,5.303304908059076,14.142135623730951
2025-04-01 12:18:06.626,Artificial Intelligence,yes,1,mu,ja,male,yes,29th September 2001,600,1000,4,66,1am,Going to gym,Weed,1.0,1.0,1.0,1.0,male,600.0,100.0,4.0,66.0,23.0,9.0,29.0,01:00:00,going to gym,weed,activity,3.0,4.0,16.0,1.0,207.0,600.0,6.398594934535208,24.49489742783178
2025-04-01 12:18:07.173,Artificial Intelligence,yes,1,mu,ja,male,yes,21-11-2002,200,0,69,199389299284884742829r7747r8e9w929e94747uch38838udud8388383838e8e8e8e8e8e8d8du8s888x8d88d8u,2:00,Ajax winning,Drugs,1.0,1.0,1.0,1.0,male,200.0,0.0,,,22.0,11.0,21.0,02:00:00,ajax winning,drugs,,3.0,,,1.0,242.0,200.0,5.303304908059076,14.142135623730951
2025-04-01 12:18:07.704,Artificial Intelligence,yes,1,mu,ja,female,yes,December 14th,320,70,12,4,23:59,Sun,Interacting with my loved ones,1.0,1.0,1.0,1.0,female,320.0,70.0,12.0,4.0,,12.0,14.0,23:59:00,sun,interacting with my loved ones,weather,3.0,12.0,144.0,1.0,,320.0,5.771441123130016,17.88854381999832
2025-04-01 12:18:07.943,Computer Science,no,0,mu,ja,male,yes,2001-09-16,200,30,5,2324234234234432434,12,nothing to do,can do anything,0.0,0.0,1.0,1.0,male,200.0,30.0,5.0,2.3242342342344325e+18,23.0,9.0,16.0,00:00:00,nothing to do,can do anything,,1.0,5.0,25.0,1.0,207.0,200.0,5.303304908059076,14.142135623730951
2025-04-01 12:18:08.208,Computer Science,yes,1,sigma,ja,not willing to answer,not willing to say,1997,300,72,2,73,00:00,Beer ,Wine ,1.0,1.0,1.0,,unknown,300.0,72.0,2.0,73.0,28.0,4.0,14.0,00:00:00,beer,wine,,3.0,,4.0,,112.0,300.0,5.707110264748875,17.320508075688775
2025-04-01 12:18:09.862,Computer Science,yes,1,mu,ja,male,no,16-08-1996,350,5,9,-1,01:00,A cold beer,Kissing the homies for good night ,1.0,1.0,1.0,0.0,male,350.0,5.0,9.0,-1.0,28.0,8.0,16.0,01:00:00,a cold beer,kissing the homies for good night,,3.0,0.0,81.0,0.0,224.0,350.0,5.860786223465865,18.708286933869708
2025-04-01 12:18:11.181,Artificial Intelligence,yes,0,sigma,nee,intersex,yes,69.69.2069,450,60,3,358,04:00,Happy,Friends,1.0,0.0,0.0,1.0,gender_non_conforming,450.0,60.0,3.0,358.0,,,,04:00:00,happy,friends,mental_wellbeing,1.0,3.0,9.0,1.0,,450.0,6.111467339502679,21.213203435596427
2025-04-01 12:18:11.461,Artificial Intelligence,no,0,mu,ja,female,yes,26/11/1998,150,60,2,42,2am,Good meal,Sunny day,0.0,0.0,1.0,1.0,female,150.0,60.0,2.0,42.0,26.0,11.0,26.0,02:00:00,good meal,sunny day,food_drink,1.0,2.0,4.0,1.0,286.0,150.0,5.017279836814924,12.24744871391589
2025-04-01 12:18:11.855,Artificial Intelligence,yes,1,sigma,ja,not willing to answer,yes,23 maart,375,6,10,61,23-00,Az winning,Went to the gym,1.0,1.0,1.0,1.0,unknown,375.0,6.0,10.0,61.0,,3.0,23.0,23:00:00,az winning,went to the gym,,3.0,10.0,100.0,1.0,,375.0,5.929589143389895,19.364916731037084
2025-04-01 12:18:12.045,Artificial Intelligence,yes,0,mu,ja,male,yes,14-09-2000,200,13,6,7,00:00,Sunny,Pilsie,1.0,0.0,1.0,1.0,male,200.0,13.0,6.0,7.0,24.0,9.0,14.0,00:00:00,sunny,pilsie,weather,2.0,6.0,36.0,1.0,216.0,200.0,5.303304908059076,14.142135623730951
2025-04-01 12:18:12.624,Artificial Intelligence,yes,1,mu,ja,male,yes,-,350,0,5,69,4am,Free time,Videogames,1.0,1.0,1.0,1.0,male,350.0,0.0,5.0,69.0,,,,04:00:00,free time,videogames,,3.0,5.0,25.0,1.0,,350.0,5.860786223465865,18.708286933869708
2025-04-01 12:18:12.767,Business Analytics,yes,0,mu,nee,female,yes,20.05.2001,500,2,4,7,01.00,"Sun, good food, being productive",Travelling,1.0,0.0,0.0,1.0,female,500.0,2.0,4.0,7.0,23.0,5.0,20.0,01:00:00,"sun, good food, being productive",travelling,weather,1.0,4.0,16.0,1.0,115.0,500.0,6.2166061010848646,22.360679774997898
2025-04-01 12:18:12.943,Artificial Intelligence,no,0,mu,unknown,male,yes,28-12-1999,400,60,6,87,00.30,Praying 5 times on time,Seeing my parents and my younger brother doing fine,0.0,0.0,,1.0,male,400.0,60.0,6.0,87.0,25.0,12.0,28.0,00:30:00,praying 5 times on time,seeing my parents and my younger brother doing fine,,,6.0,36.0,1.0,300.0,400.0,5.993961427306569,20.0
2025-04-01 12:18:13.778,Artificial Intelligence,no,0,mu,ja,male,yes,January 16th,187,11,7,6969696,2.30,Gym,Edda,0.0,0.0,1.0,1.0,male,187.0,11.0,7.0,6969696.0,,1.0,16.0,02:30:00,gym,edda,activity,1.0,7.0,49.0,1.0,,187.0,5.236441962829949,13.674794331177344
2025-04-01 12:18:13.841,Artificial Intelligence,yes,1,mu,ja,female,not willing to say,23-05,500,60,6,5,1am,sun,more sun ,1.0,1.0,1.0,,female,500.0,60.0,6.0,5.0,,5.0,23.0,01:00:00,sun,more sun,weather,3.0,,36.0,,,500.0,6.2166061010848646,22.360679774997898
2025-04-01 12:18:14.118,Computational Science,no,0,mu,ja,female,yes,19 July 1997,350,35,7,95836,1 AM,Getting enough sleep,Healthy breakfast,0.0,0.0,1.0,1.0,female,350.0,35.0,7.0,95836.0,27.0,7.0,19.0,01:00:00,getting enough sleep,healthy breakfast,sleep,1.0,7.0,49.0,1.0,189.0,350.0,5.860786223465865,18.708286933869708
2025-04-01 12:18:15.513,Bioinformatics and Systems Biology,yes,unknown,mu,unknown,male,no,10/12/1994,300,15,5,Random,12:00 pm,A good day,A bad day,1.0,,,0.0,male,300.0,15.0,5.0,,30.0,12.0,10.0,12:00:00,a good day,a bad day,,,0.0,25.0,0.0,360.0,300.0,5.707110264748875,17.320508075688775
2025-04-01 12:18:16.059,Computer Science,yes,1,mu,ja,female,yes,20.06,400,66,6,12,23:30,Sunny weather ,Good grades ,1.0,1.0,1.0,1.0,female,400.0,66.0,6.0,12.0,,6.0,20.0,23:30:00,sunny weather,good grades,weather,3.0,6.0,36.0,1.0,,400.0,5.993961427306569,20.0
2025-04-01 12:18:16.692,Artificial Intelligence,yes,0,mu,nee,female,yes,30/09/2002,80,80,6,47,22.00,Sunny day spent with friends ,going to a rave,1.0,0.0,0.0,1.0,female,80.0,80.0,6.0,47.0,22.0,9.0,30.0,22:00:00,sunny day spent with friends,going to a rave,weather,1.0,6.0,36.0,1.0,198.0,100.0,4.394449154672439,8.94427190999916
2025-04-01 12:18:17.170,Artificial Intelligence,no,0,sigma,ja,not willing to answer,yes,01-01-1900,500,100,2,89,5,Sun,Sun,0.0,0.0,1.0,1.0,unknown,500.0,100.0,2.0,89.0,,1.0,1.0,05:00:00,sun,sun,weather,1.0,2.0,4.0,1.0,,500.0,6.2166061010848646,22.360679774997898
2025-04-01 12:18:17.584,Computer Science,yes,1,unknown,ja,female,yes,23,450,20,0,8,11,Rain,Chocolate,1.0,1.0,1.0,1.0,female,450.0,20.0,0.0,8.0,,4.0,23.0,23:00:00,rain,chocolate,weather,3.0,0.0,0.0,1.0,,450.0,6.111467339502679,21.213203435596427
2025-04-01 12:18:18.017,Artificial Intelligence,yes,0,mu,nee,male,yes,15-02,450,90,10,4141,12:30am,When the sun is out,Having the time to run,1.0,0.0,0.0,1.0,male,450.0,90.0,10.0,4141.0,,2.0,15.0,00:30:00,when the sun is out,having the time to run,weather,1.0,10.0,100.0,1.0,,450.0,6.111467339502679,21.213203435596427
2025-04-01 12:18:18.731,Business Analytics,yes,unknown,mu,nee,male,not willing to say,13/03/2002,220,40,9,15,23:00,Get a lot of sleep(at least 8 hours),Eat good food,1.0,,0.0,,male,220.0,40.0,9.0,15.0,23.0,3.0,13.0,23:00:00,get a lot of sleep(at least 8 hours),eat good food,sleep,,,81.0,,69.0,220.0,5.3981627015177525,14.832396974191326
2025-04-01 12:18:19.315,Artificial Intelligence,yes,1,mu,ja,non-binary,not willing to say,08.10.2001,250,30,4,6,2,happiness ,sun,1.0,1.0,1.0,,gender_non_conforming,250.0,30.0,4.0,6.0,23.0,10.0,8.0,02:00:00,happiness,sun,mental_wellbeing,3.0,,16.0,,230.0,250.0,5.5254529391317835,15.811388300841896
2025-04-01 12:18:19.741,Artificial Intelligence,yes,0,mu,ja,male,yes,21/10/2001,430,30,8,37,00:30,Doing things I want to do,Not having to do things I don't want to do,1.0,0.0,1.0,1.0,male,430.0,30.0,8.0,37.0,23.0,10.0,21.0,00:30:00,doing things i want to do,not having to do things i don't want to do,,2.0,8.0,64.0,1.0,230.0,430.0,6.066108090103747,20.73644135332772
2025-04-01 12:18:19.773,Artificial Intelligence,yes,1,mu,ja,female,yes,10-12-1999,500,65,4,168,23:00,sun,not encountering a stressful situation,1.0,1.0,1.0,1.0,female,500.0,65.0,4.0,168.0,25.0,12.0,10.0,23:00:00,sun,not encountering a stressful situation,weather,3.0,4.0,16.0,1.0,300.0,500.0,6.2166061010848646,22.360679774997898
2025-04-01 12:18:20.001,Computational Science,yes,0,mu,ja,male,yes,21/06/2001,250,200,5,42,23:00,Sex,Alcohol ,1.0,0.0,1.0,1.0,male,250.0,100.0,5.0,42.0,23.0,6.0,21.0,23:00:00,sex,alcohol,,2.0,5.0,25.0,1.0,138.0,250.0,5.5254529391317835,15.811388300841896
2025-04-01 12:18:20.104,Econometrics and Operations Research,yes,1,mu,ja,male,yes,28-02-2001,350,42,10,5347833,2300,Good food and no econometrics courses,"Sun, exercise and beer",1.0,1.0,1.0,1.0,male,350.0,42.0,10.0,5347833.0,24.0,2.0,28.0,23:00:00,good food and no econometrics courses,"sun, exercise and beer",food_drink,3.0,10.0,100.0,1.0,48.0,350.0,5.860786223465865,18.708286933869708
2025-04-01 12:18:20.162,Computer Science,no,1,unknown,nee,male,yes,28-06-2002,380,99999,10,7777,2 pm,weed,alcohol,0.0,1.0,0.0,1.0,male,380.0,100.0,10.0,7777.0,22.0,6.0,28.0,14:00:00,weed,alcohol,,1.0,10.0,100.0,1.0,132.0,380.0,5.942799375126701,19.493588689617926
2025-04-01 12:18:21.909,Artificial Intelligence,yes,0,mu,unknown,male,yes,08031998,350,15,6,42,23:00,Good weather,Chilling,1.0,0.0,,1.0,male,350.0,15.0,6.0,42.0,27.0,3.0,8.0,23:00:00,good weather,chilling,weather,,6.0,36.0,1.0,81.0,350.0,5.860786223465865,18.708286933869708
2025-04-01 12:18:22.045,Artificial Intelligence,yes,1,mu,ja,female,yes,January 9th,400,30,4,77,23:55,Sunny weather,Good food,1.0,1.0,1.0,1.0,female,400.0,30.0,4.0,77.0,,1.0,9.0,23:55:00,sunny weather,good food,weather,3.0,4.0,16.0,1.0,,400.0,5.993961427306569,20.0
2025-04-01 12:18:25.841,Computational Science,yes,unknown,mu,ja,female,yes,28/05,330,47,12,30,23:45,Good food,Sun,1.0,,1.0,1.0,female,330.0,47.0,12.0,30.0,,5.0,28.0,23:45:00,good food,sun,food_drink,,12.0,144.0,1.0,,330.0,5.802118375377063,18.16590212458495
2025-04-01 12:18:25.916,Computational Science,yes,0,mu,ja,female,yes,26/10/2001,350,10,12,3,2am,sun,good food,1.0,0.0,1.0,1.0,female,350.0,10.0,12.0,3.0,23.0,10.0,26.0,02:00:00,sun,good food,weather,2.0,12.0,144.0,1.0,230.0,350.0,5.860786223465865,18.708286933869708
2025-04-01 12:18:26.562,Computer Science,yes,1,unknown,nee,male,yes,21/07/2002,200,20,15,6,1:30am,delicious food,alcohol dose,1.0,1.0,0.0,1.0,male,200.0,20.0,15.0,6.0,22.0,7.0,21.0,01:30:00,delicious food,alcohol dose,food_drink,2.0,15.0,225.0,1.0,154.0,200.0,5.303304908059076,14.142135623730951
2025-04-01 12:18:26.814,Artificial Intelligence,yes,1,sigma,ja,male,yes,not today,250,20,3,42,0:30,no responsibilities,nice weather,1.0,1.0,1.0,1.0,male,250.0,20.0,3.0,42.0,,,,00:30:00,no responsibilities,nice weather,mental_wellbeing,3.0,3.0,9.0,1.0,,250.0,5.5254529391317835,15.811388300841896
2025-04-01 12:18:27.186,Econometrics and Operations Research,yes,1,mu,ja,male,yes,25-01-2003,385,6,7,10,00:00,Food,Sun,1.0,1.0,1.0,1.0,male,385.0,6.0,7.0,10.0,22.0,1.0,25.0,00:00:00,food,sun,food_drink,3.0,7.0,49.0,1.0,22.0,385.0,5.955837369464831,19.621416870348583
2025-04-01 12:18:28.181,Computational Science,yes,0,mu,nee,female,yes,13/02,390,37,4,197367,1am,Sun ,Good food,1.0,0.0,0.0,1.0,female,390.0,37.0,4.0,197367.0,,2.0,13.0,01:00:00,sun,good food,weather,1.0,4.0,16.0,1.0,,390.0,5.968707559985366,19.748417658131498
2025-04-01 12:18:28.401,Econometrics and Operations Research,yes,0,mu,ja,male,yes,15/02/2002,375,50,4,1,12,Travel,Active,1.0,0.0,1.0,1.0,male,375.0,50.0,4.0,1.0,23.0,2.0,15.0,00:00:00,travel,active,,2.0,4.0,16.0,1.0,46.0,375.0,5.929589143389895,19.364916731037084
2025-04-01 12:18:29.973,Artificial Intelligence,yes,1,sigma,ja,male,yes,02.04.2005,195,0,10,7,12:34,Not having looking for x ,Spots,1.0,1.0,1.0,1.0,male,195.0,0.0,10.0,7.0,20.0,4.0,2.0,00:34:00,not having looking for x,spots,,3.0,10.0,100.0,1.0,80.0,195.0,5.278114659230518,13.96424004376894
2025-04-01 12:18:30.502,OTHER,no,0,sigma,nee,gender fluid,yes,X,300,30,4,73,1,Sun,Sub,0.0,0.0,0.0,1.0,gender_non_conforming,300.0,30.0,4.0,73.0,,,,01:00:00,sun,sub,weather,0.0,4.0,16.0,1.0,,300.0,5.707110264748875,17.320508075688775
2025-04-01 12:18:31.034,Health Sciences,no,1,mu,nee,female,yes,21-03-2002,234,40,7,8,23:30,Coffee,Running in the sun,0.0,1.0,0.0,1.0,female,234.0,40.0,7.0,8.0,23.0,3.0,21.0,23:30:00,coffee,running in the sun,food_drink,1.0,7.0,49.0,1.0,69.0,234.0,5.459585514144159,15.297058540778355
2025-04-01 12:18:31.203,Computer Science,yes,1,mu,ja,other,yes,04 February,330,Over 9000,0,37,5am,Got nothing to do,Interesting activities,1.0,1.0,1.0,1.0,gender_non_conforming,330.0,100.0,0.0,37.0,,2.0,4.0,05:00:00,got nothing to do,interesting activities,mental_wellbeing,3.0,0.0,0.0,1.0,,330.0,5.802118375377063,18.16590212458495
2025-04-01 12:18:31.888,Computational Science,yes,unknown,mu,nee,male,yes,98/12/04,480,75,3,7,1,Achivements,Socialising,1.0,,0.0,1.0,male,480.0,75.0,3.0,7.0,27.0,4.0,12.0,01:00:00,achivements,socialising,,,3.0,9.0,1.0,108.0,480.0,6.175867270105761,21.908902300206645
2025-04-01 12:18:32.696,Artificial Intelligence,yes,unknown,mu,ja,male,yes,-,291,79,0,74,2 am,Being with someone i love,No assignment deadline!!!,1.0,,1.0,1.0,male,291.0,79.0,0.0,74.0,,,,02:00:00,being with someone i love,no assignment deadline!!!,social,,0.0,0.0,1.0,,291.0,5.676753802268282,17.05872210923198
2025-04-01 12:18:32.813,Computer Science,yes,1,sigma,ja,male,not willing to say,Lol,550,42.0,4,69,00:40,Eating burrata,Eating pasta,1.0,1.0,1.0,,male,550.0,42.0,4.0,69.0,,,,00:40:00,eating burrata,eating pasta,food_drink,3.0,,16.0,,,550.0,6.311734809152915,23.45207879911715
2025-04-01 12:18:33.651,Artificial Intelligence,yes,0,mu,ja,female,yes,26 10 2001,200,30,0,7,1:30,My boyfriend,My friends ,1.0,0.0,1.0,1.0,female,200.0,30.0,0.0,7.0,23.0,10.0,26.0,01:30:00,my boyfriend,my friends,social,2.0,0.0,0.0,1.0,230.0,200.0,5.303304908059076,14.142135623730951
2025-04-01 12:18:33.698,Computer Science,yes,0,mu,ja,female,yes,10-10,500,100,3,3,12:45,Cats,Sun,1.0,0.0,1.0,1.0,female,500.0,100.0,3.0,3.0,,10.0,10.0,00:45:00,cats,sun,,2.0,3.0,9.0,1.0,,500.0,6.2166061010848646,22.360679774997898
2025-04-01 12:18:34.224,Artificial Intelligence,yes,1,unknown,ja,intersex,not willing to say,22/01/2002,420,100,8,40,11:35,-1,-2,1.0,1.0,1.0,,gender_non_conforming,420.0,100.0,8.0,40.0,23.0,1.0,22.0,23:35:00,,,,3.0,,64.0,,23.0,420.0,6.042632833682381,20.493901531919196
2025-04-01 12:18:34.349,Bioinformatics and Systems Biology,no,0,sigma,nee,female,yes,20010831,200,10,8,11,1:00,Delicious food,Nice weather,0.0,0.0,0.0,1.0,female,200.0,10.0,8.0,11.0,23.0,8.0,31.0,01:00:00,delicious food,nice weather,food_drink,0.0,8.0,64.0,1.0,184.0,200.0,5.303304908059076,14.142135623730951
2025-04-01 12:18:34.742,Business Analytics,yes,1,mu,ja,male,not willing to say,14-07-2003,350,85,7,4,01:30,A beer after a exam,Seeing my dog,1.0,1.0,1.0,,male,350.0,85.0,7.0,4.0,21.0,7.0,14.0,01:30:00,a beer after a exam,seeing my dog,,3.0,,49.0,,147.0,350.0,5.860786223465865,18.708286933869708
2025-04-01 12:18:35.020,Artificial Intelligence,yes,1,unknown,ja,female,yes,02-01-2001,289,40,6,9581995819194,23:25,Sun,Good exam result,1.0,1.0,1.0,1.0,female,289.0,40.0,6.0,9581995819194.0,24.0,1.0,2.0,23:25:00,sun,good exam result,weather,3.0,6.0,36.0,1.0,24.0,289.0,5.66988092298052,17.0
2025-04-01 12:18:35.565,Business Analytics,yes,1,mu,ja,female,not willing to say,21052025,400,40,3,9,21:45,Sleeping in,No assignments,1.0,1.0,1.0,,female,400.0,40.0,3.0,9.0,,5.0,21.0,21:45:00,sleeping in,no assignments,sleep,3.0,,9.0,,,400.0,5.993961427306569,20.0
2025-04-01 12:18:36.198,Computational Science,yes,0,mu,ja,male,yes,05/01,350,25,20,40,23:00,feeling good ,productive,1.0,0.0,1.0,1.0,male,350.0,25.0,20.0,40.0,,1.0,5.0,23:00:00,feeling good,productive,sleep,2.0,20.0,400.0,1.0,,350.0,5.860786223465865,18.708286933869708
2025-04-01 12:18:36.521,Bioinformatics and Systems Biology,yes,0,mu,nee,male,yes,30-09-2002,250,0,7,69,23:00,Sun,Sports,1.0,0.0,0.0,1.0,male,250.0,0.0,7.0,69.0,22.0,9.0,30.0,23:00:00,sun,sports,weather,1.0,7.0,49.0,1.0,198.0,250.0,5.5254529391317835,15.811388300841896
2025-04-01 12:18:36.538,Computational Science,yes,0,mu,nee,male,not willing to say,Muhahahah,250,110,5,42,0:30,Doggo,Food,1.0,0.0,0.0,,male,250.0,100.0,5.0,42.0,,,,00:30:00,doggo,food,,1.0,,25.0,,,250.0,5.5254529391317835,15.811388300841896
2025-04-01 12:18:37.626,Bioinformatics and Systems Biology,yes,1,mu,nee,male,yes,22-08-1998,250,60,4,89867,23:30,Cats,Candy,1.0,1.0,0.0,1.0,male,250.0,60.0,4.0,89867.0,26.0,8.0,22.0,23:30:00,cats,candy,,2.0,4.0,16.0,1.0,208.0,250.0,5.5254529391317835,15.811388300841896
2025-04-01 12:18:38.458,Bioinformatics and Systems Biology,yes,0,mu,nee,female,not willing to say,09/11/2001,600,40,0,658,7pm,money,love,1.0,0.0,0.0,,female,600.0,40.0,0.0,658.0,23.0,11.0,9.0,19:00:00,money,love,,1.0,,0.0,,253.0,600.0,6.398594934535208,24.49489742783178
2025-04-01 12:18:39.007,Artificial Intelligence,yes,0,mu,ja,male,yes,26/07/2001,600,22,5,236,11:33 PM,eating good food,having a nice nap,1.0,0.0,1.0,1.0,male,600.0,22.0,5.0,236.0,23.0,7.0,26.0,23:33:00,eating good food,having a nice nap,food_drink,2.0,5.0,25.0,1.0,161.0,600.0,6.398594934535208,24.49489742783178
2025-04-01 12:18:39.126,Artificial Intelligence,yes,1,unknown,ja,female,yes,20/09,150,20,4,11,12,Good sleep,No uni,1.0,1.0,1.0,1.0,female,150.0,20.0,4.0,11.0,,9.0,20.0,00:00:00,good sleep,no uni,sleep,3.0,4.0,16.0,1.0,,150.0,5.017279836814924,12.24744871391589
2025-04-01 12:18:39.284,Computer Science,yes,0,unknown,ja,not willing to answer,yes,05082000,300,13,6,1738,2,People,Food,1.0,0.0,1.0,1.0,unknown,300.0,13.0,6.0,1738.0,24.0,8.0,5.0,02:00:00,people,food,social,2.0,6.0,36.0,1.0,192.0,300.0,5.707110264748875,17.320508075688775
2025-04-01 12:18:40.028,Econometrics and Operations Research,yes,1,mu,ja,male,yes,04-04-2004,425,5,3,4,23:00,Hanging out with friends,No responsibilities,1.0,1.0,1.0,1.0,male,425.0,5.0,3.0,4.0,21.0,4.0,4.0,23:00:00,hanging out with friends,no responsibilities,social,3.0,3.0,9.0,1.0,84.0,425.0,6.054439346269371,20.615528128088304
2025-04-01 12:18:40.615,Business Analytics,yes,0,unknown,ja,male,yes,20-08-2004,287,23,23,184365902143674301,22:40,Sports,Friends,1.0,0.0,1.0,1.0,male,287.0,23.0,23.0,1.843659021436743e+17,20.0,8.0,20.0,22:40:00,sports,friends,activity,2.0,23.0,529.0,1.0,160.0,287.0,5.662960480135946,16.941074346097416
2025-04-01 12:18:41.200,Computational Science,yes,0,mu,ja,male,no,03-04-2000,300,100,0,7,23:00,Not going to uni,No deadlines,1.0,0.0,1.0,0.0,male,300.0,100.0,0.0,7.0,25.0,4.0,3.0,23:00:00,not going to uni,no deadlines,mental_wellbeing,2.0,0.0,0.0,0.0,100.0,300.0,5.707110264748875,17.320508075688775
2025-04-01 12:18:41.280,Artificial Intelligence,no,0,sigma,ja,male,yes,25-10-2002,300,30,7,9,00:30,Sports,Good sleep,0.0,0.0,1.0,1.0,male,300.0,30.0,7.0,9.0,22.0,10.0,25.0,00:30:00,sports,good sleep,activity,1.0,7.0,49.0,1.0,220.0,300.0,5.707110264748875,17.320508075688775
2025-04-01 12:18:43.223,Computer Science,no,0,sigma,nee,female,yes,11-04-1999,220,67,4,4,4am,I take the ADHD medicine ,go out with friends ,0.0,0.0,0.0,1.0,female,220.0,67.0,4.0,4.0,26.0,4.0,11.0,04:00:00,i take the adhd medicine,go out with friends,,0.0,4.0,16.0,1.0,104.0,220.0,5.3981627015177525,14.832396974191326
2025-04-01 12:18:43.654,Computational Science,no,0,mu,ja,male,yes,1991.01.27,300,1,7,33,1:00,No assignments need to do,No lectures,0.0,0.0,1.0,1.0,male,300.0,1.0,7.0,33.0,34.0,1.0,27.0,01:00:00,no assignments need to do,no lectures,productivity,1.0,7.0,49.0,1.0,34.0,300.0,5.707110264748875,17.320508075688775
2025-04-01 12:18:43.697,Bioinformatics and Systems Biology,yes,unknown,unknown,unknown,male,yes,1.1.2000,500,69,10,69,Midnight,Sun,Friends,1.0,,,1.0,male,500.0,69.0,10.0,69.0,25.0,1.0,1.0,00:00:00,sun,friends,weather,,10.0,100.0,1.0,25.0,500.0,6.2166061010848646,22.360679774997898
2025-04-01 12:18:43.894,Computer Science,yes,0,unknown,ja,male,no,September,483,œÄ¬©,3,64,3AM,Sleep,Food,1.0,0.0,1.0,0.0,male,483.0,3.14,3.0,64.0,,9.0,14.0,03:00:00,sleep,food,sleep,2.0,0.0,9.0,0.0,,483.0,6.182084906716632,21.97726097583591
2025-04-01 12:18:43.919,Artificial Intelligence,yes,1,mu,ja,male,yes,November 1999,approx 300,75,4,314159265359,23:00,Passing EDDA,The sun,1.0,1.0,1.0,1.0,male,300.0,75.0,4.0,314159265359.0,25.0,11.0,14.0,23:00:00,passing edda,the sun,productivity,3.0,4.0,16.0,1.0,275.0,300.0,5.707110264748875,17.320508075688775
2025-04-01 12:18:44.292,Artificial Intelligence,yes,1,mu,nee,female,yes,25/12,450,60,1,44,23:30,Nice weather,Free time,1.0,1.0,0.0,1.0,female,450.0,60.0,1.0,44.0,,12.0,25.0,23:30:00,nice weather,free time,weather,2.0,1.0,1.0,1.0,,450.0,6.111467339502679,21.213203435596427
2025-04-01 12:18:44.581,Bioinformatics and Systems Biology,no,0,mu,ja,male,yes,0000,240,100,2,8,03:00,no studying,gaming,0.0,0.0,1.0,1.0,male,240.0,100.0,2.0,8.0,,,,03:00:00,no studying,gaming,productivity,1.0,2.0,4.0,1.0,,240.0,5.484796933490655,15.491933384829668
2025-04-01 12:18:45.086,Mathematics,yes,1,mu,ja,male,yes,1997-21-01,357,7,5,69420,3am,You :),You again :),1.0,1.0,1.0,1.0,male,357.0,7.0,5.0,69420.0,28.0,1.0,21.0,03:00:00,you :),you again :),social,3.0,5.0,25.0,1.0,28.0,357.0,5.8805329864007,18.894443627691185
2025-04-01 12:18:45.788,Finance and Technology,yes,0,mu,ja,male,yes,10-01-2000,500,40,2,1,01:23,Making someone smile,Smiling,1.0,0.0,1.0,1.0,male,500.0,40.0,2.0,1.0,25.0,1.0,10.0,01:23:00,making someone smile,smiling,,2.0,2.0,4.0,1.0,25.0,500.0,6.2166061010848646,22.360679774997898
2025-04-01 12:18:46.245,Artificial Intelligence,no,0,mu,nee,male,yes,26,297,69,6,426,2300,"Mild weather, no lectures, good food","No assignments, no exam stress",0.0,0.0,0.0,1.0,male,297.0,69.0,6.0,426.0,,4.0,26.0,23:00:00,"mild weather, no lectures, good food","no assignments, no exam stress",weather,0.0,6.0,36.0,1.0,,297.0,5.697093486505405,17.233687939614086
2025-04-01 12:18:46.301,Computer Science,no,unknown,unknown,unknown,male,not willing to say,07 232001,500,80,6,5,8,eating,play ,0.0,,,,male,500.0,80.0,6.0,5.0,23.0,7.0,23.0,20:00:00,eating,play,food_drink,,,36.0,,161.0,500.0,6.2166061010848646,22.360679774997898
2025-04-01 12:18:46.497,Humanities Research,yes,0,mu,nee,male,yes,Mid February,300,20,8,891230124,01:30,Friends,Activity and food,1.0,0.0,0.0,1.0,male,300.0,20.0,8.0,891230124.0,,2.0,14.0,01:30:00,friends,activity and food,social,1.0,8.0,64.0,1.0,,300.0,5.707110264748875,17.320508075688775
2025-04-01 12:18:46.933,Business Analytics,yes,unknown,mu,ja,female,yes,14 02 1999,480,0,8,10,23,Peace,Nature,1.0,,1.0,1.0,female,480.0,0.0,8.0,10.0,26.0,2.0,14.0,23:00:00,peace,nature,mental_wellbeing,,8.0,64.0,1.0,52.0,480.0,6.175867270105761,21.908902300206645
2025-04-01 12:18:47.336,Finance and Technology,yes,0,mu,nee,male,yes,26-04-2001,350,20,8,124,23:30,Sports,Focus,1.0,0.0,0.0,1.0,male,350.0,20.0,8.0,124.0,23.0,4.0,26.0,23:30:00,sports,focus,activity,1.0,8.0,64.0,1.0,92.0,350.0,5.860786223465865,18.708286933869708
2025-04-01 12:18:48.291,Computational Science,no,0,mu,nee,male,yes,Aug 2000,300,55,6,47,00:31,Motorcycle ride,Social interaction,0.0,0.0,0.0,1.0,male,300.0,55.0,6.0,47.0,24.0,8.0,14.0,00:31:00,motorcycle ride,social interaction,,0.0,6.0,36.0,1.0,192.0,300.0,5.707110264748875,17.320508075688775
2025-04-01 12:18:48.302,Artificial Intelligence,yes,1,sigma,ja,intersex,not willing to say,06/10,500,100,3,420,2am,Studying,Learning,1.0,1.0,1.0,,gender_non_conforming,500.0,100.0,3.0,420.0,,10.0,6.0,02:00:00,studying,learning,productivity,3.0,,9.0,,,500.0,6.2166061010848646,22.360679774997898
2025-04-01 12:18:48.467,Computer Science,yes,1,mu,ja,male,yes,02/09/2003,366,57,6,9999999999,00:40,go out of the house ,play a sport and instrument ,1.0,1.0,1.0,1.0,male,366.0,57.0,6.0,9999999999.0,21.0,9.0,2.0,00:40:00,go out of the house,play a sport and instrument,,3.0,6.0,36.0,1.0,189.0,366.0,5.905361848054571,19.131126469708992
2025-04-01 12:18:48.667,Artificial Intelligence,no,1,mu,ja,male,yes,24/02/2002,300,15,8,67,00:30,Doing a sport,Playing my bass guitar,0.0,1.0,1.0,1.0,male,300.0,15.0,8.0,67.0,23.0,2.0,24.0,00:30:00,doing a sport,playing my bass guitar,,2.0,8.0,64.0,1.0,46.0,300.0,5.707110264748875,17.320508075688775
2025-04-01 12:18:48.745,Artificial Intelligence,yes,0,mu,nee,male,yes,23/07/2001,300,45,4,23,2,beer,another beer,1.0,0.0,0.0,1.0,male,300.0,45.0,4.0,23.0,23.0,7.0,23.0,02:00:00,beer,another beer,,1.0,4.0,16.0,1.0,161.0,300.0,5.707110264748875,17.320508075688775
2025-04-01 12:18:49.114,Artificial Intelligence,yes,0,unknown,ja,male,yes,undisclosed,123,90,4,√ò,3:54,grounded,"social, speding quality time with friends",1.0,0.0,1.0,1.0,male,123.0,90.0,4.0,,,,,03:54:00,grounded,"social, speding quality time with friends",,2.0,4.0,16.0,1.0,,123.0,4.820281565605037,11.090536506409418
2025-04-01 12:18:49.239,Computer Science,yes,1,unknown,ja,male,yes,31 January 1999,300ish?,75,3,81,3 AM x),Chilling with buddies,GAMING,1.0,1.0,1.0,1.0,male,300.0,75.0,3.0,81.0,26.0,1.0,31.0,03:00:00,chilling with buddies,gaming,,3.0,3.0,9.0,1.0,26.0,300.0,5.707110264748875,17.320508075688775
2025-04-01 12:18:49.386,Computer Science,no,1,mu,ja,male,yes,12-12-1921,450,101,168,3737,1,Money,Less money,0.0,1.0,1.0,1.0,male,450.0,100.0,,3737.0,,12.0,12.0,01:00:00,money,less money,,2.0,,,1.0,,450.0,6.111467339502679,21.213203435596427
2025-04-01 12:18:50.389,Artificial Intelligence,yes,1,mu,ja,male,yes,05/12,125,101,4.5,245819732157863251872726618812736168172715169485342146436918753,23:00,good food,finish task,1.0,1.0,1.0,1.0,male,125.0,100.0,4.5,2.4581973215786324e+62,,12.0,5.0,23:00:00,good food,finish task,food_drink,3.0,4.5,20.25,1.0,,125.0,4.836281906951478,11.180339887498949
2025-04-01 12:18:50.592,Artificial Intelligence,no,0,mu,ja,male,yes,23/02,200,65,3,4,02:00,Coffee,Motivation ,0.0,0.0,1.0,1.0,male,200.0,65.0,3.0,4.0,,2.0,23.0,02:00:00,coffee,motivation,food_drink,1.0,3.0,9.0,1.0,,200.0,5.303304908059076,14.142135623730951
2025-04-01 12:18:50.686,Artificial Intelligence,yes,0,sigma,ja,male,yes,nonono,378,-10,2h,cleanMe12,4am,gezelligheid,see above,1.0,0.0,1.0,1.0,male,378.0,0.0,2.0,12,,,,04:00:00,gezelligheid,see above,,2.0,2.0,4.0,1.0,,378.0,5.937536205082426,19.44222209522358
2025-04-01 12:18:51.508,Artificial Intelligence,yes,1,mu,ja,female,not willing to say,20.09.2002,Around 200,30,5,13,11:30pm,Productivity,Nice weather,1.0,1.0,1.0,,female,200.0,30.0,5.0,13.0,22.0,9.0,20.0,23:30:00,productivity,nice weather,,3.0,,25.0,,198.0,200.0,5.303304908059076,14.142135623730951
2025-04-01 12:18:52.683,Artificial Intelligence,yes,unknown,mu,nee,female,yes,03/10/2001,400,40,10,3,12,workout,sun,1.0,,0.0,1.0,female,400.0,40.0,10.0,3.0,23.0,10.0,3.0,00:00:00,workout,sun,activity,,10.0,100.0,1.0,230.0,400.0,5.993961427306569,20.0
2025-04-01 12:18:52.734,Computer Science,yes,1,sigma,ja,male,not willing to say,09/10/2000,390,101,3,7,5am,A day outside,Jamming with the homies,1.0,1.0,1.0,,male,390.0,100.0,3.0,7.0,24.0,10.0,9.0,05:00:00,a day outside,jamming with the homies,,3.0,,9.0,,240.0,390.0,5.968707559985366,19.748417658131498
2025-04-01 12:18:52.830,Bioinformatics and Systems Biology,yes,1,mu,nee,male,yes,11-01-2001,500,25,5,27,23:30,Waking up refreshed,exercise,1.0,1.0,0.0,1.0,male,500.0,25.0,5.0,27.0,24.0,1.0,11.0,23:30:00,waking up refreshed,exercise,,2.0,5.0,25.0,1.0,24.0,500.0,6.2166061010848646,22.360679774997898
2025-04-01 12:18:52.846,Bioinformatics and Systems Biology,yes,0,unknown,nee,male,yes,11/6,300,99,7,77,1:30,no class,nice weather,1.0,0.0,0.0,1.0,male,300.0,99.0,7.0,77.0,,6.0,11.0,01:30:00,no class,nice weather,,1.0,7.0,49.0,1.0,,300.0,5.707110264748875,17.320508075688775
2025-04-01 12:18:53.003,Computational Science,no,0,sigma,nee,male,yes,24th november,280,40,6,18282,22:00,Nice weather,Nice girls,0.0,0.0,0.0,1.0,male,280.0,40.0,6.0,18282.0,,11.0,24.0,22:00:00,nice weather,nice girls,weather,0.0,6.0,36.0,1.0,,280.0,5.638354669333745,16.73320053068151
2025-04-01 12:18:54.198,Bioinformatics and Systems Biology,yes,0,mu,nee,female,not willing to say,16.11.2001,450,80,3,17,00:30,sleeping,going for a walk,1.0,0.0,0.0,,female,450.0,80.0,3.0,17.0,23.0,11.0,16.0,00:30:00,sleeping,going for a walk,sleep,1.0,,9.0,,253.0,450.0,6.111467339502679,21.213203435596427
2025-04-01 12:18:54.608,Computer Science,yes,1,sigma,ja,male,no,16/02/1999,150,0,8,75,5:00am,Fun,Fun 2,1.0,1.0,1.0,0.0,male,150.0,0.0,8.0,75.0,26.0,2.0,16.0,05:00:00,fun,fun 2,,3.0,0.0,64.0,0.0,52.0,150.0,5.017279836814924,12.24744871391589
2025-04-01 12:18:54.798,Biomedical Sciences,no,unknown,sigma,ja,male,yes,13 january,230,69,15,46789901874822496,22:00,Reaching my calory goal,Sleeping 8 hours,0.0,,1.0,1.0,male,230.0,69.0,15.0,4.67899018748225e+16,,1.0,13.0,22:00:00,reaching my calory goal,sleeping 8 hours,,,15.0,225.0,1.0,,230.0,5.442417710521793,15.165750888103101
2025-04-01 12:18:54.812,Business Analytics,yes,0,mu,ja,female,yes,28/06/2002,250,50,0üò≠üò≠üò≠,3,12:30,feeling productive,socializing ,1.0,0.0,1.0,1.0,female,250.0,50.0,0.0,3.0,22.0,6.0,28.0,00:30:00,feeling productive,socializing,productivity,2.0,0.0,0.0,1.0,132.0,250.0,5.5254529391317835,15.811388300841896
2025-04-01 12:18:55.370,Computer Science,yes,0,unknown,ja,male,not willing to say,20.01,118,24,6,31,12.30,Low stress,Progress,1.0,0.0,1.0,,male,118.0,24.0,6.0,31.0,,1.0,20.0,00:30:00,low stress,progress,,2.0,,36.0,,,118.0,4.77912349311153,10.862780491200215
2025-04-01 12:18:55.588,Bioinformatics and Systems Biology,no,1,sigma,ja,female,yes,29-04-2002,375,30,6,3,23:30,Sun,-,0.0,1.0,1.0,1.0,female,375.0,30.0,6.0,3.0,22.0,4.0,29.0,23:30:00,sun,-,weather,2.0,6.0,36.0,1.0,88.0,375.0,5.929589143389895,19.364916731037084
2025-04-01 12:18:56.318,Econometrics and Operations Research,yes,0,mu,ja,not willing to answer,no,de vijftiende dag van de vierde maand,460,30,zero,achtduizendvierhonderdvijfendertig komma zesenvijftig,around midnight,no lectures,sleeping,1.0,0.0,1.0,0.0,unknown,460.0,30.0,0.0,8435.56,,4.0,15.0,00:00:00,no lectures,sleeping,,2.0,0.0,0.0,0.0,,460.0,6.133398042996649,21.447610589527216
2025-04-01 12:18:56.363,Computer Science,yes,1,mu,ja,female,yes,00-00-0000,200,30,5,173425111379664,22:30,Running in the morning,Meeting new people,1.0,1.0,1.0,1.0,female,200.0,30.0,5.0,173425111379664.0,,,,22:30:00,running in the morning,meeting new people,activity,3.0,5.0,25.0,1.0,,200.0,5.303304908059076,14.142135623730951
2025-04-01 12:18:56.549,OTHER,yes,1,mu,ja,male,yes,23/01/2001,300,0,4,271828,23u30,Good sleep,Free time,1.0,1.0,1.0,1.0,male,300.0,0.0,4.0,271828.0,24.0,1.0,23.0,23:00:00,good sleep,free time,sleep,3.0,4.0,16.0,1.0,24.0,300.0,5.707110264748875,17.320508075688775
2025-04-01 12:18:56.685,Artificial Intelligence,yes,0,mu,ja,male,yes,13-05-2000,400,10,10,21,00:30,Sun and good food,Good food and sun,1.0,0.0,1.0,1.0,male,400.0,10.0,10.0,21.0,24.0,5.0,13.0,00:30:00,sun and good food,good food and sun,weather,2.0,10.0,100.0,1.0,120.0,400.0,5.993961427306569,20.0
2025-04-01 12:18:58.426,Computer Science,no,0,unknown,ja,female,yes,9.4,250,65,2,9,1.22am,With friends I love,Sunny days,0.0,0.0,1.0,1.0,female,250.0,65.0,2.0,9.0,,4.0,9.0,01:22:00,with friends i love,sunny days,social,1.0,2.0,4.0,1.0,,250.0,5.5254529391317835,15.811388300841896
2025-04-01 12:18:58.698,Artificial Intelligence,yes,0,mu,nee,female,yes,December,340,40,9,1672,01:00,Friends,Drinks,1.0,0.0,0.0,1.0,female,340.0,40.0,9.0,1672.0,,12.0,14.0,01:00:00,friends,drinks,social,1.0,9.0,81.0,1.0,,340.0,5.831882477283517,18.439088914585774
2025-04-01 12:18:58.741,Artificial Intelligence,yes,0,mu,nee,female,yes,10/07,400,35,6,823,1am,Sunshine,Nice food,1.0,0.0,0.0,1.0,female,400.0,35.0,6.0,823.0,,7.0,10.0,01:00:00,sunshine,nice food,weather,1.0,6.0,36.0,1.0,,400.0,5.993961427306569,20.0
2025-04-01 12:18:59.328,Artificial Intelligence,yes,0,mu,ja,female,no,03-01-2001,250,100,4,11,23.30,Sun Shining,Drinking Matcha in the Sun,1.0,0.0,1.0,0.0,female,250.0,100.0,4.0,11.0,24.0,1.0,3.0,23:30:00,sun shining,drinking matcha in the sun,weather,2.0,0.0,16.0,0.0,24.0,250.0,5.5254529391317835,15.811388300841896
2025-04-01 12:18:59.757,Computational Science,yes,0,mu,nee,female,yes,april 3rd,100,20,5,51,0:00,sunshine,no exam,1.0,0.0,0.0,1.0,female,100.0,20.0,5.0,51.0,,4.0,3.0,00:00:00,sunshine,no exam,weather,1.0,5.0,25.0,1.0,,100.0,4.61512051684126,10.0
2025-04-01 12:19:00.180,Computer Science,no,1,sigma,ja,male,yes,07.02.1997,450,40,10,8473,00:00,The sun,Sports,0.0,1.0,1.0,1.0,male,450.0,40.0,10.0,8473.0,28.0,2.0,7.0,00:00:00,the sun,sports,weather,2.0,10.0,100.0,1.0,56.0,450.0,6.111467339502679,21.213203435596427
2025-04-01 12:19:00.457,Humanities Research,yes,0,mu,ja,female,yes,december,350,87,1,27.4,2 am,getting some work done,time to make music,1.0,0.0,1.0,1.0,female,350.0,87.0,1.0,27.4,,12.0,14.0,02:00:00,getting some work done,time to make music,mental_wellbeing,2.0,1.0,1.0,1.0,,350.0,5.860786223465865,18.708286933869708
2025-04-01 12:19:00.889,Econometrics and Operations Research,yes,1,mu,ja,female,yes,20.07.2002,450,10,3-4,22,23:00,Sun,friends,1.0,1.0,1.0,1.0,female,450.0,10.0,3.5,22.0,22.0,7.0,20.0,23:00:00,sun,friends,weather,3.0,3.5,12.25,1.0,154.0,450.0,6.111467339502679,21.213203435596427
2025-04-01 12:19:01.428,Artificial Intelligence,yes,0,mu,ja,female,yes,01/09,450,25,2,55678686,02:00,Sunshine,Food,1.0,0.0,1.0,1.0,female,450.0,25.0,2.0,55678686.0,,9.0,1.0,02:00:00,sunshine,food,weather,2.0,2.0,4.0,1.0,,450.0,6.111467339502679,21.213203435596427
2025-04-01 12:19:01.533,Business Analytics,yes,1,mu,ja,female,yes,03/01/2000,400,60,7,25,23:00,being able to exercise,get outside,1.0,1.0,1.0,1.0,female,400.0,60.0,7.0,25.0,25.0,1.0,3.0,23:00:00,being able to exercise,get outside,,3.0,7.0,49.0,1.0,25.0,400.0,5.993961427306569,20.0
2025-04-01 12:19:01.553,Artificial Intelligence,yes,1,mu,ja,male,yes,05-03-2001,400,40,16,90,22:30,Performing some sports,Positive people around me ,1.0,1.0,1.0,1.0,male,400.0,40.0,16.0,90.0,24.0,3.0,5.0,22:30:00,performing some sports,positive people around me,activity,3.0,16.0,256.0,1.0,72.0,400.0,5.993961427306569,20.0
2025-04-01 12:19:02.143,Business Analytics,yes,unknown,sigma,ja,male,yes,11-09-2002,380,40,12,858282281825663728188,22:30,When the sun is out,What makes a good day for you (2)? ,1.0,,1.0,1.0,male,380.0,40.0,12.0,8.582822818256637e+20,22.0,9.0,11.0,22:30:00,when the sun is out,what makes a good day for you (2)?,weather,,12.0,144.0,1.0,198.0,380.0,5.942799375126701,19.493588689617926
2025-04-01 12:19:02.180,Artificial Intelligence,yes,0,mu,ja,female,yes,December 27,550,20,3,77,1 am,Good Breakfast,Sunshine,1.0,0.0,1.0,1.0,female,550.0,20.0,3.0,77.0,,12.0,27.0,01:00:00,good breakfast,sunshine,food_drink,2.0,3.0,9.0,1.0,,550.0,6.311734809152915,23.45207879911715
2025-04-01 12:19:03.028,Artificial Intelligence,yes,1,unknown,ja,male,yes,18/11/2000,384,-10000,14,9,12,productivity,music,1.0,1.0,1.0,1.0,male,384.0,0.0,14.0,9.0,24.0,11.0,18.0,00:00:00,productivity,music,,3.0,14.0,196.0,1.0,264.0,384.0,5.953243334287785,19.595917942265423
2025-04-01 12:19:04.145,Computer Science,no,unknown,mu,ja,male,yes,,450,30,6,76,3:00 ,Videogames all day,Good food for free,0.0,,1.0,1.0,male,450.0,30.0,6.0,76.0,,,,03:00:00,videogames all day,good food for free,,,6.0,36.0,1.0,,450.0,6.111467339502679,21.213203435596427
2025-04-01 12:19:04.834,Finance and Technology,yes,unknown,mu,nee,male,yes,17 augustus 2001,250,58,3,5,01:30,Not a lot of assignments,Sports and guitar,1.0,,0.0,1.0,male,250.0,58.0,3.0,5.0,23.0,8.0,17.0,01:30:00,not a lot of assignments,sports and guitar,productivity,,3.0,9.0,1.0,184.0,250.0,5.5254529391317835,15.811388300841896
2025-04-01 12:19:05.331,Econometrics and Operations Research,yes,1,mu,nee,male,not willing to say,13-12-2003,250,23.23,7,00,00:30,productivity,nice food,1.0,1.0,0.0,,male,250.0,23.23,7.0,0.0,21.0,12.0,13.0,00:30:00,productivity,nice food,,2.0,,49.0,,252.0,250.0,5.5254529391317835,15.811388300841896
2025-04-01 12:19:05.723,Fintech and Regulation,yes,0,mu,nee,male,not willing to say,15-08-2000,400,60,10,158,3am,Sports,Food,1.0,0.0,0.0,,male,400.0,60.0,10.0,158.0,24.0,8.0,15.0,03:00:00,sports,food,activity,1.0,,100.0,,192.0,400.0,5.993961427306569,20.0
2025-04-01 12:19:06.373,Business Analytics,yes,1,sigma,ja,male,yes,04-10-2003,311,11,4,10107472946391947974729472910472918462917472927492746291047272947263902716549294746829294739194737292847292748202747204726294,1,Potato,Fries,1.0,1.0,1.0,1.0,male,311.0,11.0,4.0,1.0107472946391948e+124,21.0,10.0,4.0,01:00:00,potato,fries,,3.0,4.0,16.0,1.0,210.0,311.0,5.7430031878094825,17.635192088548397
2025-04-01 12:19:06.391,Artificial Intelligence,yes,1,mu,ja,male,yes,18-01-2002,300,15,20,78,23:30,-,-,1.0,1.0,1.0,1.0,male,300.0,15.0,20.0,78.0,23.0,1.0,18.0,23:30:00,-,-,,3.0,20.0,400.0,1.0,23.0,300.0,5.707110264748875,17.320508075688775
2025-04-01 12:19:06.467,Computer Science,yes,0,mu,ja,male,yes,18/02/2001,150,30,7,‚Äú-69420‚Äù,3:00,‚Äúrm -r .‚Äù,Bouldering and hanging with the homies,1.0,0.0,1.0,1.0,male,150.0,30.0,7.0,-69420,24.0,2.0,18.0,03:00:00,‚Äúrm -r .‚Äù,bouldering and hanging with the homies,,2.0,7.0,49.0,1.0,48.0,150.0,5.017279836814924,12.24744871391589
2025-04-01 12:19:07.225,Artificial Intelligence,yes,1,mu,ja,female,yes,25/06/2003,450,50,8,7,23:00,Good food ,Nobody dies ,1.0,1.0,1.0,1.0,female,450.0,50.0,8.0,7.0,21.0,6.0,25.0,23:00:00,good food,nobody dies,food_drink,3.0,8.0,64.0,1.0,126.0,450.0,6.111467339502679,21.213203435596427
2025-04-01 12:19:07.712,Computational Science,yes,0,mu,nee,female,not willing to say,25-08-2000,150,98,0,23,4,no course,È≤úÈîÖÂÖî,1.0,0.0,0.0,,female,150.0,98.0,0.0,23.0,24.0,8.0,25.0,04:00:00,no course,È≤úÈîÖÂÖî,,1.0,,0.0,,192.0,150.0,5.017279836814924,12.24744871391589
2025-04-01 12:19:08.089,Artificial Intelligence,yes,1,mu,ja,male,not willing to say,23-12-2000,400,10,8,9,01:00,Nice weather,Free time,1.0,1.0,1.0,,male,400.0,10.0,8.0,9.0,24.0,12.0,23.0,01:00:00,nice weather,free time,weather,3.0,,64.0,,288.0,400.0,5.993961427306569,20.0
2025-04-01 12:19:09.111,Computer Science,yes,1,unknown,ja,male,not willing to say,30/01/2000,300,-1,12,4,1,Good food,Good weather,1.0,1.0,1.0,,male,300.0,0.0,12.0,4.0,25.0,1.0,30.0,01:00:00,good food,good weather,food_drink,3.0,,144.0,,25.0,300.0,5.707110264748875,17.320508075688775
2025-04-01 12:19:10.336,Bioinformatics and Systems Biology,yes,0,mu,nee,female,yes,20-01-2002,350,30,2,9,22:30,Food,More food,1.0,0.0,0.0,1.0,female,350.0,30.0,2.0,9.0,23.0,1.0,20.0,22:30:00,food,more food,food_drink,1.0,2.0,4.0,1.0,23.0,350.0,5.860786223465865,18.708286933869708
2025-04-01 12:19:10.778,Artificial Intelligence,yes,1,mu,ja,female,yes,23,380,23,3,39587,12:30,Good food,Talking to friends,1.0,1.0,1.0,1.0,female,380.0,23.0,3.0,39587.0,,4.0,23.0,00:30:00,good food,talking to friends,food_drink,3.0,3.0,9.0,1.0,,380.0,5.942799375126701,19.493588689617926
2025-04-01 12:19:10.893,Artificial Intelligence,yes,1,mu,ja,male,not willing to say,01.01.1998,500,70,2,7,23:00,Good food,Good sleep,1.0,1.0,1.0,,male,500.0,70.0,2.0,7.0,27.0,1.0,1.0,23:00:00,good food,good sleep,food_drink,3.0,,4.0,,27.0,500.0,6.2166061010848646,22.360679774997898
2025-04-01 12:19:11.148,Bioinformatics and Systems Biology,yes,0,mu,nee,male,yes,"Dec 08, 2001",240,65,4,35,2 am,Cola,Gaming,1.0,0.0,0.0,1.0,male,240.0,65.0,4.0,35.0,23.0,12.0,8.0,02:00:00,cola,gaming,,1.0,4.0,16.0,1.0,276.0,240.0,5.484796933490655,15.491933384829668
2025-04-01 12:19:12.321,Artificial Intelligence,no,0,mu,nee,male,not willing to say,September 5,400,40,3,60000000,2am,Productivity,Friends,0.0,0.0,0.0,,male,400.0,40.0,3.0,60000000.0,,9.0,5.0,02:00:00,productivity,friends,,0.0,,9.0,,,400.0,5.993961427306569,20.0
2025-04-01 12:19:12.553,Econometrics and Operations Research,yes,1,sigma,ja,male,not willing to say,2003 July,220,Now? 22,9,18,02:00,Sun,Sun,1.0,1.0,1.0,,male,220.0,22.0,9.0,18.0,21.0,7.0,14.0,02:00:00,sun,sun,weather,3.0,,81.0,,147.0,220.0,5.3981627015177525,14.832396974191326
2025-04-01 12:19:14.265,Artificial Intelligence,yes,1,mu,ja,female,yes,11.08.2002,253,55,4,21,1:03 ,Sun ,Laughter ,1.0,1.0,1.0,1.0,female,253.0,55.0,4.0,21.0,22.0,8.0,11.0,01:03:00,sun,laughter,weather,3.0,4.0,16.0,1.0,176.0,253.0,5.537334267018537,15.905973720586866
2025-04-01 12:19:14.381,Business Analytics,yes,1,mu,ja,male,yes,29-09,300,25,11,3891736819378483829191037,23:30,Personal record in the gym,Good food,1.0,1.0,1.0,1.0,male,300.0,25.0,11.0,3.891736819378484e+24,,9.0,29.0,23:30:00,personal record in the gym,good food,activity,3.0,11.0,121.0,1.0,,300.0,5.707110264748875,17.320508075688775
2025-04-01 12:19:14.588,Artificial Intelligence,yes,0,mu,unknown,female,yes,05-05-2002,280,20,7,93,00:10,That I feel content and happy,Doing something ,1.0,0.0,,1.0,female,280.0,20.0,7.0,93.0,22.0,5.0,5.0,00:10:00,that i feel content and happy,doing something,mental_wellbeing,,7.0,49.0,1.0,110.0,280.0,5.638354669333745,16.73320053068151
2025-04-01 12:19:16.737,Computer Science,no,1,sigma,nee,male,yes,04-10-2001,230,8,6,88,1:37,Good food,Girlfriend,0.0,1.0,0.0,1.0,male,230.0,8.0,6.0,88.0,23.0,10.0,4.0,01:37:00,good food,girlfriend,food_drink,1.0,6.0,36.0,1.0,230.0,230.0,5.442417710521793,15.165750888103101
2025-04-01 12:19:17.107,Business Analytics,yes,1,mu,ja,not willing to answer,yes,28,450,40,4.6,576434680087,22:00,Cooking,Sun,1.0,1.0,1.0,1.0,unknown,450.0,40.0,4.6,576434680087.0,,4.0,28.0,22:00:00,cooking,sun,,3.0,4.6,21.159999999999997,1.0,,450.0,6.111467339502679,21.213203435596427
2025-04-01 12:19:17.331,Artificial Intelligence,no,0,mu,ja,female,yes,04-10-2001,200,20,8,9,00:00,Good sleep,Friends,0.0,0.0,1.0,1.0,female,200.0,20.0,8.0,9.0,23.0,10.0,4.0,00:00:00,good sleep,friends,sleep,1.0,8.0,64.0,1.0,230.0,200.0,5.303304908059076,14.142135623730951
2025-04-01 12:19:19.368,Artificial Intelligence,no,0,sigma,nee,male,yes,13-07-2001,350,60,6,7,11:00,Good weather,Great food,0.0,0.0,0.0,1.0,male,350.0,60.0,6.0,7.0,23.0,7.0,13.0,23:00:00,good weather,great food,weather,0.0,6.0,36.0,1.0,161.0,350.0,5.860786223465865,18.708286933869708
2025-04-01 12:19:21.141,Finance and Technology,yes,0,sigma,nee,male,yes,13,550,65,2,7,12.00,Good Breakfast,Completing targetted task,1.0,0.0,0.0,1.0,male,550.0,65.0,2.0,7.0,,4.0,13.0,00:00:00,good breakfast,completing targetted task,food_drink,1.0,2.0,4.0,1.0,,550.0,6.311734809152915,23.45207879911715
2025-04-01 12:19:21.683,Econometrics and Operations Research,yes,0,sigma,nee,male,yes,19 january,425,20,3,17,00:30 AM,Sleep,Meditation,1.0,0.0,0.0,1.0,male,425.0,20.0,3.0,17.0,,1.0,19.0,00:30:00,sleep,meditation,sleep,1.0,3.0,9.0,1.0,,425.0,6.054439346269371,20.615528128088304
2025-04-01 12:19:21.758,Artificial Intelligence,yes,1,mu,ja,male,yes,03-01-2003,300,15,9,35723490856,23:00,Sports,Time with friends,1.0,1.0,1.0,1.0,male,300.0,15.0,9.0,35723490856.0,22.0,1.0,3.0,23:00:00,sports,time with friends,activity,3.0,9.0,81.0,1.0,22.0,300.0,5.707110264748875,17.320508075688775
2025-04-01 12:19:22.159,Bioinformatics and Systems Biology,yes,0,mu,unknown,female,not willing to say,09.10.2002,350,70,4.5 hours,10,00.15,having chocolate,Sun :)),1.0,0.0,,,female,350.0,70.0,4.5,10.0,22.0,10.0,9.0,00:15:00,having chocolate,sun :)),food_drink,,,20.25,,220.0,350.0,5.860786223465865,18.708286933869708
2025-04-01 12:19:22.228,Artificial Intelligence,no,0,unknown,ja,female,yes,28.08.2000,500,70,1,2,00:30,The sun,Good food,0.0,0.0,1.0,1.0,female,500.0,70.0,1.0,2.0,24.0,8.0,28.0,00:30:00,the sun,good food,weather,1.0,1.0,1.0,1.0,192.0,500.0,6.2166061010848646,22.360679774997898
2025-04-01 12:19:23.072,Business Analytics,yes,1,mu,ja,male,yes,14-11-2003,350,15,10,257261814499261618384638281776364,23:30,Banana,Apple,1.0,1.0,1.0,1.0,male,350.0,15.0,10.0,2.5726181449926163e+32,21.0,11.0,14.0,23:30:00,banana,apple,,3.0,10.0,100.0,1.0,231.0,350.0,5.860786223465865,18.708286933869708
2025-04-01 12:19:23.247,Computer Science,yes,0,mu,ja,male,yes,October,250,10,2,1683,1:30,Not having to wake up early,yes,1.0,0.0,1.0,1.0,male,250.0,10.0,2.0,1683.0,,10.0,14.0,01:30:00,not having to wake up early,yes,,2.0,2.0,4.0,1.0,,250.0,5.5254529391317835,15.811388300841896
2025-04-01 12:19:23.635,Econometrics and Operations Research,no,unknown,mu,nee,female,not willing to say,June,200,60,3,13,11:34,Sun,Rest,0.0,,0.0,,female,200.0,60.0,3.0,13.0,,6.0,14.0,23:34:00,sun,rest,weather,,,9.0,,,200.0,5.303304908059076,14.142135623730951
2025-04-01 12:19:23.776,Artificial Intelligence,yes,unknown,mu,ja,female,yes,13/07,100,77,0,137,5 AM,Enough sleep,Good food,1.0,,1.0,1.0,female,100.0,77.0,0.0,137.0,,7.0,13.0,05:00:00,enough sleep,good food,sleep,,0.0,0.0,1.0,,100.0,4.61512051684126,10.0
2025-04-01 12:19:25.605,Computer Science,unknown,0,mu,ja,male,no,When I was born,180,58,4,42,01:00,Coffee,Science,,0.0,1.0,0.0,male,180.0,58.0,4.0,42.0,,,,01:00:00,coffee,science,food_drink,,0.0,16.0,0.0,,180.0,5.198497031265826,13.416407864998739
2025-04-01 12:19:25.761,Business Analytics,yes,1,unknown,ja,female,yes,18-05-2002,200,65,4,2,23:30,Sunny weather,Good food,1.0,1.0,1.0,1.0,female,200.0,65.0,4.0,2.0,22.0,5.0,18.0,23:30:00,sunny weather,good food,weather,3.0,4.0,16.0,1.0,110.0,200.0,5.303304908059076,14.142135623730951
2025-04-01 12:19:26.891,Bioinformatics and Systems Biology,yes,0,unknown,nee,male,not willing to say,10/01/2001,350,47,5,57,00:33,Sun,Friends,1.0,0.0,0.0,,male,350.0,47.0,5.0,57.0,24.0,1.0,10.0,00:33:00,sun,friends,weather,1.0,,25.0,,24.0,350.0,5.860786223465865,18.708286933869708
2025-04-01 12:19:27.999,Bioinformatics and Systems Biology,yes,0,mu,nee,female,yes,07/12/2000,220,63,5,78,22:30,Sun,Friends,1.0,0.0,0.0,1.0,female,220.0,63.0,5.0,78.0,24.0,12.0,7.0,22:30:00,sun,friends,weather,1.0,5.0,25.0,1.0,288.0,220.0,5.3981627015177525,14.832396974191326
2025-04-01 12:19:28.490,Artificial Intelligence,yes,0,mu,ja,female,yes,19-08-2003,230,80,4,4678,11:30pm,a good breakfast ,good sleep,1.0,0.0,1.0,1.0,female,230.0,80.0,4.0,4678.0,21.0,8.0,19.0,23:30:00,a good breakfast,good sleep,food_drink,2.0,4.0,16.0,1.0,168.0,230.0,5.442417710521793,15.165750888103101
2025-04-01 12:19:30.118,Econometrics and Operations Research,yes,1,sigma,ja,female,yes,02-10-2003,458,70,1,47,00:15,Sun,Family,1.0,1.0,1.0,1.0,female,458.0,70.0,1.0,47.0,21.0,10.0,2.0,00:15:00,sun,family,weather,3.0,1.0,1.0,1.0,210.0,458.0,6.129050210060545,21.400934559032695
2025-04-01 12:19:30.675,Econometrics and Operations Research,yes,0,mu,nee,male,yes,April 9th,350,69,4,52739,1:30am,Hanging out with friends,Being productive,1.0,0.0,0.0,1.0,male,350.0,69.0,4.0,52739.0,,4.0,9.0,01:30:00,hanging out with friends,being productive,social,1.0,4.0,16.0,1.0,,350.0,5.860786223465865,18.708286933869708
2025-04-01 12:19:30.685,Artificial Intelligence,no,0,unknown,ja,male,yes,2/3/2003,210,50,2,74,01:00,Boardgames with friends,Dinner with family,0.0,0.0,1.0,1.0,male,210.0,50.0,2.0,74.0,22.0,3.0,2.0,01:00:00,boardgames with friends,dinner with family,social,1.0,2.0,4.0,1.0,66.0,210.0,5.351858133476067,14.491376746189438
2025-04-01 12:19:31.071,Computer Science,no,0,mu,nee,male,yes,16 June,150,85,10,14,1,Good weather,Stock trading profit,0.0,0.0,0.0,1.0,male,150.0,85.0,10.0,14.0,,6.0,16.0,01:00:00,good weather,stock trading profit,weather,0.0,10.0,100.0,1.0,,150.0,5.017279836814924,12.24744871391589
2025-04-01 12:19:31.462,Computer Science,yes,0,sigma,nee,male,yes,9th of July,234,75,4,9,4:30,A fieldtrip with friends,A sunny picnic,1.0,0.0,0.0,1.0,male,234.0,75.0,4.0,9.0,,7.0,9.0,04:30:00,a fieldtrip with friends,a sunny picnic,social,1.0,4.0,16.0,1.0,,234.0,5.459585514144159,15.297058540778355
2025-04-01 12:19:31.727,OTHER,yes,0,mu,ja,male,yes,22/10/2000,450,100,0,18,05:00,Sunshine ,Good food,1.0,0.0,1.0,1.0,male,450.0,100.0,0.0,18.0,24.0,10.0,22.0,05:00:00,sunshine,good food,weather,2.0,0.0,0.0,1.0,240.0,450.0,6.111467339502679,21.213203435596427
2025-04-01 12:19:34.169,Artificial Intelligence,yes,1,sigma,ja,female,yes,October 1st 2002,400,75,3,573,02:00,Nice food,Seeing friends,1.0,1.0,1.0,1.0,female,400.0,75.0,3.0,573.0,22.0,10.0,1.0,02:00:00,nice food,seeing friends,food_drink,3.0,3.0,9.0,1.0,220.0,400.0,5.993961427306569,20.0
2025-04-01 12:19:36.611,Artificial Intelligence,yes,1,sigma,nee,male,not willing to say,22/07/2000,300,61,6,1999,23:45,Good food,Fun people,1.0,1.0,0.0,,male,300.0,61.0,6.0,1999.0,24.0,7.0,22.0,23:45:00,good food,fun people,food_drink,2.0,,36.0,,168.0,300.0,5.707110264748875,17.320508075688775
2025-04-01 12:19:36.786,Artificial Intelligence,yes,unknown,mu,ja,male,yes,26/11,420,20,12,81,22:45,Doing sports,Meeting friends,1.0,,1.0,1.0,male,420.0,20.0,12.0,81.0,,11.0,26.0,22:45:00,doing sports,meeting friends,activity,,12.0,144.0,1.0,,420.0,6.042632833682381,20.493901531919196
2025-04-01 12:19:36.960,Econometrics and Operations Research,yes,unknown,mu,ja,female,yes,1/1/1,320,40,0,7,4:00,Sleep in,Free,1.0,,1.0,1.0,female,320.0,40.0,0.0,7.0,24.0,1.0,1.0,04:00:00,sleep in,free,sleep,,0.0,0.0,1.0,24.0,320.0,5.771441123130016,17.88854381999832
2025-04-01 12:19:38.063,Computer Science,no,0,mu,ja,female,yes,19.04.2000,450,5,10,7,1am,being outside in the sun,eating good food,0.0,0.0,1.0,1.0,female,450.0,5.0,10.0,7.0,24.0,4.0,19.0,01:00:00,being outside in the sun,eating good food,weather,1.0,10.0,100.0,1.0,96.0,450.0,6.111467339502679,21.213203435596427
2025-04-01 12:19:38.648,Econometrics and Operations Research,yes,1,sigma,nee,male,not willing to say,12-11-2001,150,10,10,1 000 000,1 AM,Nice weather,Nice friends,1.0,1.0,0.0,,male,150.0,10.0,10.0,1 000 000,23.0,11.0,12.0,01:00:00,nice weather,nice friends,weather,2.0,,100.0,,253.0,150.0,5.017279836814924,12.24744871391589
2025-04-01 12:19:41.047,Econometrics and Operations Research,yes,0,mu,ja,female,yes,21 01 1999,400,2,5,6,9:30,Peace of mind,Good food,1.0,0.0,1.0,1.0,female,400.0,2.0,5.0,6.0,26.0,1.0,21.0,21:30:00,peace of mind,good food,mental_wellbeing,2.0,5.0,25.0,1.0,26.0,400.0,5.993961427306569,20.0
2025-04-01 12:19:43.407,Bioinformatics and Systems Biology,yes,0,sigma,ja,male,yes,16 juni 2001,500,20,5,3748,23:15,Play fieldhockey,Enjoy the weather,1.0,0.0,1.0,1.0,male,500.0,20.0,5.0,3748.0,23.0,6.0,16.0,23:15:00,play fieldhockey,enjoy the weather,,2.0,5.0,25.0,1.0,138.0,500.0,6.2166061010848646,22.360679774997898
2025-04-01 12:19:45.316,Computer Science,yes,1,mu,ja,female,yes,01-01-2000,450,70,2,89,12:30am,enough sleep time,sun,1.0,1.0,1.0,1.0,female,450.0,70.0,2.0,89.0,25.0,1.0,1.0,00:30:00,enough sleep time,sun,sleep,3.0,2.0,4.0,1.0,25.0,450.0,6.111467339502679,21.213203435596427
2025-04-01 12:19:45.353,Bioinformatics and Systems Biology,yes,0,mu,nee,male,yes,08-10-1999,450,8,5,69,02:15,Friends,No school,1.0,0.0,0.0,1.0,male,450.0,8.0,5.0,69.0,25.0,10.0,8.0,02:15:00,friends,no school,social,1.0,5.0,25.0,1.0,250.0,450.0,6.111467339502679,21.213203435596427
2025-04-01 12:19:45.412,Artificial Intelligence,yes,0,mu,ja,female,yes,22-09-2003,330,40,3,18,01:00,Nice weather,Seeing my loved ones ,1.0,0.0,1.0,1.0,female,330.0,40.0,3.0,18.0,21.0,9.0,22.0,01:00:00,nice weather,seeing my loved ones,weather,2.0,3.0,9.0,1.0,189.0,330.0,5.802118375377063,18.16590212458495
2025-04-01 12:19:50.191,Artificial Intelligence,yes,1,mu,ja,male,yes,2003.02.12.,387,2,13,73,1,snorkeling,eating,1.0,1.0,1.0,1.0,male,387.0,2.0,13.0,73.0,21.0,12.0,2.0,01:00:00,snorkeling,eating,,3.0,13.0,169.0,1.0,252.0,387.0,5.961005339623274,19.672315572906
2025-04-01 12:19:50.423,Artificial Intelligence,yes,1,mu,ja,female,yes,19/11/2002,300,20,4,87,00:00,Reading,F1,1.0,1.0,1.0,1.0,female,300.0,20.0,4.0,87.0,22.0,11.0,19.0,00:00:00,reading,f1,,3.0,4.0,16.0,1.0,242.0,300.0,5.707110264748875,17.320508075688775
2025-04-01 12:19:50.611,Artificial Intelligence,yes,0,mu,nee,female,yes,24.01.,380,50,8,2115,00:10,"good, sunny weather",spending time with my friends,1.0,0.0,0.0,1.0,female,380.0,50.0,8.0,2115.0,,1.0,24.0,00:10:00,"good, sunny weather",spending time with my friends,weather,1.0,8.0,64.0,1.0,,380.0,5.942799375126701,19.493588689617926
2025-04-01 12:19:52.777,Artificial Intelligence,yes,1,mu,ja,female,yes,07-10-2002,500,85,3,15,00:30,Seeing friends,No academic stress,1.0,1.0,1.0,1.0,female,500.0,85.0,3.0,15.0,22.0,10.0,7.0,00:30:00,seeing friends,no academic stress,social,3.0,3.0,9.0,1.0,220.0,500.0,6.2166061010848646,22.360679774997898
2025-04-01 12:19:57.466,Econometrics and Operations Research,yes,0,sigma,ja,female,yes,10-10-2002,350,70,1,2,21.30,Sunny weather,Good food,1.0,0.0,1.0,1.0,female,350.0,70.0,1.0,2.0,22.0,10.0,10.0,21:30:00,sunny weather,good food,weather,2.0,1.0,1.0,1.0,220.0,350.0,5.860786223465865,18.708286933869708
2025-04-01 12:19:59.860,Artificial Intelligence,yes,1,sigma,nee,male,yes,17/02/1992,400,33,2,9277466,12.30am,Baking,Hiking,1.0,1.0,0.0,1.0,male,400.0,33.0,2.0,9277466.0,33.0,2.0,17.0,00:30:00,baking,hiking,,2.0,2.0,4.0,1.0,66.0,400.0,5.993961427306569,20.0
2025-04-01 12:20:01.725,Artificial Intelligence,yes,1,mu,ja,female,yes,20-01-2000,350,20,3,4,23:00,Seeing my friends,Sunny weather,1.0,1.0,1.0,1.0,female,350.0,20.0,3.0,4.0,25.0,1.0,20.0,23:00:00,seeing my friends,sunny weather,social,3.0,3.0,9.0,1.0,25.0,350.0,5.860786223465865,18.708286933869708
2025-04-01 12:20:05.733,Artificial Intelligence,yes,0,mu,nee,male,yes,08.09,380,40,2,947362,21:30,Chocolate ,Sun,1.0,0.0,0.0,1.0,male,380.0,40.0,2.0,947362.0,,9.0,8.0,21:30:00,chocolate,sun,food_drink,1.0,2.0,4.0,1.0,,380.0,5.942799375126701,19.493588689617926
2025-04-01 12:20:06.573,Artificial Intelligence,yes,1,sigma,ja,male,yes,05-06-2003,320,15,7,69,23:30,Good weather ,Company ,1.0,1.0,1.0,1.0,male,320.0,15.0,7.0,69.0,21.0,6.0,5.0,23:30:00,good weather,company,weather,3.0,7.0,49.0,1.0,126.0,320.0,5.771441123130016,17.88854381999832
2025-04-01 12:20:13.540,Computer Science,no,0,unknown,ja,male,not willing to say,20/02/2000,520,50,10,123,10,sun,wind,0.0,0.0,1.0,,male,520.0,50.0,10.0,123.0,25.0,2.0,20.0,22:00:00,sun,wind,weather,1.0,,100.0,,50.0,520.0,6.255750041753367,22.80350850198276
2025-04-01 12:20:31.443,Computer Science,yes,1,unknown,ja,female,yes,/,450,69,6,19898901,1am,Music,Reading,1.0,1.0,1.0,1.0,female,450.0,69.0,6.0,19898901.0,,,,01:00:00,music,reading,,3.0,6.0,36.0,1.0,,450.0,6.111467339502679,21.213203435596427
2025-04-01 12:20:33.978,Computer Science,yes,1,mu,ja,male,yes,05-09-2001,350,99,5,3951,00:54,No nearing deadlines,Good weather,1.0,1.0,1.0,1.0,male,350.0,99.0,5.0,3951.0,23.0,9.0,5.0,00:54:00,no nearing deadlines,good weather,,3.0,5.0,25.0,1.0,207.0,350.0,5.860786223465865,18.708286933869708
2025-04-01 12:20:42.614,Artificial Intelligence,no,1,mu,ja,male,yes,2003,550,40,0,0,4:00,Free time,I get a lot done,0.0,1.0,1.0,1.0,male,550.0,40.0,0.0,0.0,22.0,4.0,14.0,04:00:00,free time,i get a lot done,,2.0,0.0,0.0,1.0,88.0,550.0,6.311734809152915,23.45207879911715
2025-04-01 12:20:47.466,Computer Science,yes,1,mu,ja,male,not willing to say,083002,460,60,5,56,1:30,Good gym session ,Sun and a chest PR,1.0,1.0,1.0,,male,460.0,60.0,5.0,56.0,22.0,8.0,30.0,01:30:00,good gym session,sun and a chest pr,activity,3.0,,25.0,,176.0,460.0,6.133398042996649,21.447610589527216
2025-04-01 12:21:32.688,Computer Science,yes,0,sigma,ja,male,not willing to say,09.01.2003,300,35,5,69,2am,beer in the sun,2 beers in the sun,1.0,0.0,1.0,,male,300.0,35.0,5.0,69.0,22.0,1.0,9.0,02:00:00,beer in the sun,2 beers in the sun,weather,2.0,,25.0,,22.0,300.0,5.707110264748875,17.320508075688775
2025-04-01 12:21:33.656,Computer Science,yes,1,mu,ja,female,yes,27.08.2002,450,75,5,88,23.30,Have free time to chill,Smoke,1.0,1.0,1.0,1.0,female,450.0,75.0,5.0,88.0,22.0,8.0,27.0,23:30:00,have free time to chill,smoke,,3.0,5.0,25.0,1.0,176.0,450.0,6.111467339502679,21.213203435596427
2025-04-01 12:21:51.222,Computational Science,no,0,mu,ja,male,no,2-5-2001,200,45,1,42,02:00,not wake up tired,get at least one thing done,0.0,0.0,1.0,0.0,male,200.0,45.0,1.0,42.0,23.0,5.0,2.0,02:00:00,not wake up tired,get at least one thing done,,1.0,0.0,1.0,0.0,115.0,200.0,5.303304908059076,14.142135623730951
